<?xml version="1.0"?>
<!--<!DOCTYPE metadata SYSTEM "http://www.esri.com/metadata/esriprof80.dtd">-->
<metadata xml:lang="en"><Esri><CreaDate>20100203</CreaDate><CreaTime>16552800</CreaTime><SyncOnce>FALSE</SyncOnce><DataProperties><lineage><Process Name="Create Feature Class" ToolSource="C:\Program Files\ArcGIS\ArcToolbox\Toolboxes\Data Management Tools.tbx\CreateFeatureclass" Date="20050215" Time="124328">CreateFeatureclass C:\MyFiles\NeighborhoodNames\nabes.mdb\rr npoints2 # nh_points_Layer SAME_AS_TEMPLATE SAME_AS_TEMPLATE "GEOGCS['Lat Long for MAPINFO type 0 Datum',DATUM['D_MAPINFO',SPHEROID['World Geodetic System of 1984',6378137.0,298.257222932867]],PRIMEM['Greenwich',0.0],UNIT['degree',0.0174532925199433]];-78.179954 36.511103 255999999.761581;0.000000 1.000000;0.000000 1.000000" # 0 0 0 C:\MyFiles\NeighborhoodNames\nabes.mdb\rr\npoints2</Process><Process Name="Append" ToolSource="C:\Program Files\ArcGIS\ArcToolbox\Toolboxes\Data Management Tools.tbx\Append" Date="20050215" Time="124328">Append nh_points_Layer C:\MyFiles\NeighborhoodNames\nabes.mdb\rr\npoints2 TEST C:\MyFiles\NeighborhoodNames\nabes.mdb\rr\npoints2</Process><Process Name="FeatureClassToFeatureClass_2" ToolSource="C:\Program Files\ArcGIS\ArcToolbox\Toolboxes\Conversion Tools.tbx\FeatureClassToFeatureClass" Date="20050215" Time="124328">FeatureClassToFeatureClass C:\MyFiles\NeighborhoodNames\nabes.mdb\nh_points C:\MyFiles\NeighborhoodNames\nabes.mdb\rr npoints2 # "TEXT_ANGLE TEXT_ANGLE VISIBLE;TEXT_SIZE TEXT_SIZE VISIBLE;TEXTSTRING TEXTSTRING VISIBLE;ID ID VISIBLE;X X VISIBLE;Y Y VISIBLE" SAME_AS_TEMPLATE SAME_AS_TEMPLATE # 0 C:\MyFiles\NeighborhoodNames\nabes.mdb\rr\npoints2</Process><Process ToolSource="C:\Program Files\ArcGIS\ArcToolbox\Toolboxes\Data Management Tools.tbx\CopyFeatures" Date="20070817" Time="165031">CopyFeatures M:\ESRI\Datafiles\MISC\MISC.mdb\nynh M:\GIS_COPY\GIS\Datafiles\Misc\Misc.gdb\g\nynh # 0 0 0</Process><Process Name="FeatureClassToFeatureClass_1" ToolSource="C:\Program Files\ArcGIS\ArcToolbox\Toolboxes\Conversion Tools.tbx\FeatureClassToFeatureClass" Date="20081020" Time="112332">FeatureClassToFeatureClass D:\myfiles\NHoodNames\GIS\Neighborhoods.shp "D:\myfiles\NHoodNames\GIS\New File Geodatabase.gdb" NH # "OBJECTID OBJECTID true false false 9 Long 0 9 ,First,#,D:\myfiles\NHoodNames\GIS\Neighborhoods.shp,OBJECTID,-1,-1;Name Name true false false 100 Text 0 0 ,First,#,D:\myfiles\NHoodNames\GIS\Neighborhoods.shp,Name,-1,-1;Stacked Stacked true false false 4 Short 0 4 ,First,#,D:\myfiles\NHoodNames\GIS\Neighborhoods.shp,Stacked,-1,-1;AnnoLine1 AnnoLine1 true false false 50 Text 0 0 ,First,#,D:\myfiles\NHoodNames\GIS\Neighborhoods.shp,AnnoLine1,-1,-1;AnnoLine2 AnnoLine2 true false false 50 Text 0 0 ,First,#,D:\myfiles\NHoodNames\GIS\Neighborhoods.shp,AnnoLine2,-1,-1;AnnoLine3 AnnoLine3 true false false 50 Text 0 0 ,First,#,D:\myfiles\NHoodNames\GIS\Neighborhoods.shp,AnnoLine3,-1,-1;AnnoAngle AnnoAngle true false false 19 Double 0 0 ,First,#,D:\myfiles\NHoodNames\GIS\Neighborhoods.shp,AnnoAngle,-1,-1;NameLines NameLines true false false 32 Text 0 0 ,First,#,D:\myfiles\NHoodNames\GIS\Neighborhoods.shp,NameLines,-1,-1" # "D:\myfiles\NHoodNames\GIS\New File Geodatabase.gdb\NH"</Process><Process Name="FeatureClassToFeatureClass_1" ToolSource="C:\Program Files\ArcGIS\ArcToolbox\Toolboxes\Conversion Tools.tbx\FeatureClassToFeatureClass" Date="20090617" Time="091657">FeatureClassToFeatureClass D:\myfiles\Neighborhoods\NHoodNames.gdb\NHoodNameCentroids "D:\myfiles\Neighborhoods Poster\NHoodPoster.gdb" NHoodNameCentroids # "Name Name true true false 100 Text 0 0 ,First,#,D:\myfiles\Neighborhoods\NHoodNames.gdb\NHoodNameCentroids,Name,-1,-1;Stacked Stacked true true false 2 Short 0 0 ,First,#,D:\myfiles\Neighborhoods\NHoodNames.gdb\NHoodNameCentroids,Stacked,-1,-1;AnnoLine1 AnnoLine1 true true false 50 Text 0 0 ,First,#,D:\myfiles\Neighborhoods\NHoodNames.gdb\NHoodNameCentroids,AnnoLine1,-1,-1;AnnoLine2 AnnoLine2 true true false 50 Text 0 0 ,First,#,D:\myfiles\Neighborhoods\NHoodNames.gdb\NHoodNameCentroids,AnnoLine2,-1,-1;AnnoLine3 AnnoLine3 true true false 50 Text 0 0 ,First,#,D:\myfiles\Neighborhoods\NHoodNames.gdb\NHoodNameCentroids,AnnoLine3,-1,-1;AnnoAngle AnnoAngle true true false 8 Double 0 0 ,First,#,D:\myfiles\Neighborhoods\NHoodNames.gdb\NHoodNameCentroids,AnnoAngle,-1,-1;Borough Borough true true false 50 Text 0 0 ,First,#,D:\myfiles\Neighborhoods\NHoodNames.gdb\NHoodNameCentroids,Borough,-1,-1" # "D:\myfiles\Neighborhoods Poster\NHoodPoster.gdb\NHoodNameCentroids"</Process></lineage></DataProperties><SyncDate>20100212</SyncDate><SyncTime>14263300</SyncTime><ModDate>20100212</ModDate><ModTime>14270300</ModTime><MetaID>{0CB86611-35D4-4541-8389-E767682AAB9E}</MetaID></Esri><idinfo><citation><citeinfo><onlink Sync="TRUE">\\DCP-DELL-1195\C$\temp\neighborhood_stuff\NHoodNameCentroids.shp</onlink><origin>New York City Department of City Planning</origin><pubdate>January, 2010</pubdate><title Sync="TRUE">NHoodNameCentroids</title><ftname Sync="TRUE">NHoodNameCentroids</ftname><geoform Sync="TRUE">vector digital data</geoform><serinfo><sername>BYTES of the BIG APPLE</sername></serinfo><pubinfo><publish>City of New York Department of City Planning</publish></pubinfo><othercit>The "New York: A City of Neighborhoods" files have undergone minor revisions since the 2006 release. The revisions include modification of neighborhood centroids positions, additions of neighborhood labels, or the removal of the neighborhood labels. Documentation of changes and additions to the 2006 version of "New York: A City of Neighborhoods" is located under Data Quality/Process Step Information sections of metadata.</othercit></citeinfo></citation><native Sync="TRUE">Microsoft Windows XP Version 5.1 (Build 2600) Service Pack 3; ESRI ArcCatalog 9.3.1.3000</native><descript><langdata Sync="TRUE">en</langdata><abstract>These points were created as a guide to the locations of neighborhood labels found on the Department of City Planning's "New York: A City of Neighborhoods"  poster and webpage. Best estimates of label centroids were established at a 1:1,000 scale, but are ideally viewed at a 1:50,000 scale.</abstract><purpose>These points were created by the Department of City Planning as a guide to the locations of neighborhood labels found on the Department of City Planning's "New York: A City of Neighborhoods" poster and webpage.</purpose></descript><timeperd><current>publication date</current><timeinfo><sngdate><caldate>12-2009</caldate></sngdate></timeinfo></timeperd><status><progress>Complete</progress><update>As needed</update></status><spdom><bounding><westbc Sync="TRUE">-74.248064</westbc><eastbc Sync="TRUE">-73.708116</eastbc><northbc Sync="TRUE">40.908582</northbc><southbc Sync="TRUE">40.505232</southbc></bounding><lboundng><leftbc Sync="TRUE">915681.507532</leftbc><rightbc Sync="TRUE">1064930.872747</rightbc><bottombc Sync="TRUE">123479.892198</bottombc><topbc Sync="TRUE">270299.257679</topbc></lboundng></spdom><keywords><theme><themekey>Neighborhood</themekey><themekey>Label</themekey><themekey>Centroid</themekey><themekt>NONE</themekt></theme><place><placekey>New York </placekey><placekey>New York City</placekey><placekt>NONE</placekt></place></keywords><natvform Sync="TRUE">Shapefile</natvform><ptcontac><cntinfo><cntaddr><address>22 Reade St, 5N</address><addrtype>mailing and physical address</addrtype><city>New York</city><state>NY</state><postal>10007</postal><country>USA</country></cntaddr><cntorgp><cntorg>New York City Department of City Planning</cntorg></cntorgp><cntpos>BYTES of the BIG APPLE Coordinator</cntpos><cntvoice>212.720.3505</cntvoice></cntinfo></ptcontac><crossref><citeinfo><title>Population Division, New York City Department of City Planning</title></citeinfo></crossref><accconst>The data are freely available to all New York City agencies and the public.</accconst><useconst>While all possible measures have been taken to ensure the accuracy of this data, the NYC Department of City Planning and the City of New York assume no responsibility for the accuracy of this data.  All users should independently verify the accuracy of the data for their purposes.</useconst></idinfo><distInfo><distributor><distorTran><onLineSrc><linkage Sync="TRUE">file://\\DCP-DELL-1195\C$\temp\neighborhood_stuff\NHoodNameCentroids.shp</linkage><protocol Sync="TRUE">Local Area Network</protocol><orDesc Sync="TRUE">002</orDesc></onLineSrc><transSize Sync="TRUE">0.008</transSize></distorTran><distorFormat><formatName Sync="TRUE">Shapefile</formatName></distorFormat></distributor></distInfo><dataqual><lineage><procstep><procdesc>The "New York: A City of Neighborhoods" files have undergone minor revisions since the 2006 release. The revisions include modification of neighborhood centroids positions, additions of neighborhood labels, or the removal of the neighborhood labels. Documentation of changes and additions to the 2006 version of "New York: A City of Neighborhoods" is listed below.</procdesc><srcused Sync="TRUE">\\DCP-DELL-871\MyFiles\NeighborhoodNames\nabes.mdb</srcused><date Sync="TRUE">20050215</date><time Sync="TRUE">12442000</time></procstep><procstep><procdesc>For increased positional accuracy, label centroids for the following neighborhoods were modified: 
Bronx: Baychester, Parkchester, Pelham Gardens, and Westchester Park; 
Manhattan: Battery Park City and Manhattanville;
Brooklyn: Broadway Junction, Downtown, Fort Greene, Fulton Ferry, Highland Park, Homecrest, Navy Yard, and Vinegar Hill;
Queens: Malba and Middle Village;
Staten Island: Duncan Hills, Lighthouse Hill, Old Town, Prince's Bay, Richmond Valley, Lighthouse Hill, South Beach, and Todt Hill.</procdesc><srcused Sync="TRUE">\\MDRIVE\VOL1\EXCHANGE\ITD\GIS\hoods\nabes.mdb</srcused><date Sync="TRUE">20061205</date><time Sync="TRUE">18541100</time></procstep><procstep><procdesc>The following neighborhoods were added: 
Brooklyn: Dumbo and Madison;
Queens: Roxbury;
Staten Island: Egbertville, Manor Heights, Sandy Grounds, and Willowbrook.
</procdesc><srcused Sync="TRUE">\\MDRIVE\VOL1\DATA\ESRI\Datafiles\MISC\nynh.mdb</srcused><date Sync="TRUE">20070402</date><time Sync="TRUE">12305900</time></procstep><procstep><procdesc>The Queens neighborhood Jamaica Hill was changed to the preferred name Jamaica Hills. </procdesc><srcused Sync="TRUE">\\MDRIVE\VOL1\DATA\GIS\Datafiles\Misc\Misc.gdb</srcused><date Sync="TRUE">20081020</date><time Sync="TRUE">11164000</time></procstep><procstep><procdesc>Plumb Beach Gateway National Recreation Area in Brooklyn was removed from the neighborhood layer.</procdesc></procstep><procstep><procdesc Sync="TRUE">Metadata imported.</procdesc><srcused Sync="TRUE">G:\GIS\Pop_Div_NYC\Neighborhoods\BYTES NHood Names Dec09\NHoodNameCentroids.shp.xml</srcused><procdate Sync="TRUE">20100203</procdate><proctime Sync="TRUE">16552800</proctime></procstep></lineage><attracc><attraccr>While all possible measures have been taken to ensure the accuracy of this data, the NYC Department of City Planning and the City of New York assume no responsibility for the accuracy of this data.  All users should independently verify the accuracy of the data for their purposes.</attraccr></attracc><posacc><horizpa><horizpar>Best estimates of label centroids were established at a 1:1,000 scale, but are ideally viewed at a 1:50,000 scale.</horizpar></horizpa></posacc></dataqual><dataIdInfo><envirDesc Sync="TRUE">Microsoft Windows XP Version 5.1 (Build 2600) Service Pack 3; ESRI ArcCatalog 9.3.1.3000</envirDesc><dataLang><languageCode Sync="TRUE" value="en"></languageCode></dataLang><idCitation><resTitle Sync="TRUE">NHoodNameCentroids</resTitle><presForm><PresFormCd Sync="TRUE" value="005"></PresFormCd></presForm></idCitation><dataExt><geoEle><GeoBndBox esriExtentType="native"><westBL Sync="TRUE">915681.507532</westBL><eastBL Sync="TRUE">1064930.872747</eastBL><northBL Sync="TRUE">270299.257679</northBL><southBL Sync="TRUE">123479.892198</southBL><exTypeCode Sync="TRUE">1</exTypeCode></GeoBndBox></geoEle></dataExt><geoBox esriExtentType="decdegrees"><westBL Sync="TRUE">-74.248064</westBL><eastBL Sync="TRUE">-73.708116</eastBL><northBL Sync="TRUE">40.908582</northBL><southBL Sync="TRUE">40.505232</southBL><exTypeCode Sync="TRUE">1</exTypeCode></geoBox><spatRpType><SpatRepTypCd Sync="TRUE" value="001"></SpatRepTypCd></spatRpType></dataIdInfo><metainfo><langmeta Sync="TRUE">en</langmeta><metstdn Sync="TRUE">FGDC Content Standards for Digital Geospatial Metadata</metstdn><metstdv Sync="TRUE">FGDC-STD-001-1998</metstdv><mettc Sync="TRUE">local time</mettc><metc><cntinfo><cntorgp><cntper>REQUIRED: The person responsible for the metadata information.</cntper><cntorg>REQUIRED: The organization responsible for the metadata information.</cntorg></cntorgp><cntaddr><addrtype>REQUIRED: The mailing and/or physical address for the organization or individual.</addrtype><city>REQUIRED: The city of the address.</city><state>REQUIRED: The state or province of the address.</state><postal>REQUIRED: The ZIP or other postal code of the address.</postal></cntaddr><cntvoice>REQUIRED: The telephone number by which individuals can speak to the organization or individual.</cntvoice></cntinfo></metc><metd Sync="TRUE">20100212</metd><metextns><onlink Sync="TRUE">http://www.esri.com/metadata/esriprof80.html</onlink><metprof Sync="TRUE">ESRI Metadata Profile</metprof></metextns></metainfo><mdLang><languageCode Sync="TRUE" value="en"></languageCode></mdLang><mdStanName Sync="TRUE">ISO 19115 Geographic Information - Metadata</mdStanName><mdStanVer Sync="TRUE">DIS_ESRI1.0</mdStanVer><mdChar><CharSetCd Sync="TRUE" value="004"></CharSetCd></mdChar><mdHrLv><ScopeCd Sync="TRUE" value="005"></ScopeCd></mdHrLv><mdHrLvName Sync="TRUE">dataset</mdHrLvName><distinfo><resdesc Sync="TRUE">Downloadable Data</resdesc><stdorder><digform><digtinfo><transize Sync="TRUE">0.008</transize><dssize Sync="TRUE">0.008</dssize></digtinfo></digform></stdorder></distinfo><spdoinfo><direct Sync="TRUE">Vector</direct><ptvctinf><esriterm Name="NHoodNameCentroids"><efeatyp Sync="TRUE">Simple</efeatyp><efeageom Sync="TRUE">Point</efeageom><esritopo Sync="TRUE">FALSE</esritopo><efeacnt Sync="TRUE">299</efeacnt><spindex Sync="TRUE">FALSE</spindex><linrefer Sync="TRUE">FALSE</linrefer></esriterm><sdtsterm Name="NHoodNameCentroids"><sdtstype Sync="TRUE">Entity point</sdtstype><ptvctcnt Sync="TRUE">299</ptvctcnt></sdtsterm></ptvctinf></spdoinfo><spref><horizsys><cordsysn><geogcsn Sync="TRUE">GCS_North_American_1983</geogcsn><projcsn Sync="TRUE">NAD_1983_StatePlane_New_York_Long_Island_FIPS_3104_Feet</projcsn></cordsysn><planar><planci><plance Sync="TRUE">coordinate pair</plance><plandu Sync="TRUE">survey feet</plandu><coordrep><absres Sync="TRUE">0.000000</absres><ordres Sync="TRUE">0.000000</ordres></coordrep></planci><mapproj><mapprojn Sync="TRUE">Lambert Conformal Conic</mapprojn><lambertc><stdparll Sync="TRUE">40.666667</stdparll><stdparll Sync="TRUE">41.033333</stdparll><longcm Sync="TRUE">-74.000000</longcm><latprjo Sync="TRUE">40.166667</latprjo><feast Sync="TRUE">984250.000000</feast><fnorth Sync="TRUE">0.000000</fnorth></lambertc></mapproj></planar><geodetic><horizdn Sync="TRUE">North American Datum of 1983</horizdn><ellips Sync="TRUE">Geodetic Reference System 80</ellips><semiaxis Sync="TRUE">6378137.000000</semiaxis><denflat Sync="TRUE">298.257222</denflat></geodetic></horizsys><vertdef><altsys><altenc Sync="TRUE">Explicit elevation coordinate included with horizontal coordinates</altenc><altres Sync="TRUE">0.000100</altres></altsys></vertdef></spref><refSysInfo><RefSystem><refSysID><identCode Sync="TRUE">NAD_1983_StatePlane_New_York_Long_Island_FIPS_3104_Feet</identCode></refSysID></RefSystem></refSysInfo><spatRepInfo><VectSpatRep><topLvl><TopoLevCd Sync="TRUE" value="001"></TopoLevCd></topLvl><geometObjs Name="NHoodNameCentroids"><geoObjTyp><GeoObjTypCd Sync="TRUE" value="004"></GeoObjTypCd></geoObjTyp><geoObjCnt Sync="TRUE">299</geoObjCnt></geometObjs></VectSpatRep></spatRepInfo><eainfo><detailed Name="NHoodNameCentroids"><enttyp><enttypl Sync="TRUE">NHoodNameCentroids</enttypl><enttypt Sync="TRUE">Feature Class</enttypt><enttypc Sync="TRUE">299</enttypc></enttyp><attr><attrlabl Sync="TRUE">FID</attrlabl><attalias Sync="TRUE">FID</attalias><attrtype Sync="TRUE">OID</attrtype><attwidth Sync="TRUE">4</attwidth><atprecis Sync="TRUE">0</atprecis><attscale Sync="TRUE">0</attscale><attrdef Sync="TRUE">Internal feature number.</attrdef><attrdefs Sync="TRUE">ESRI</attrdefs><attrdomv><udom Sync="TRUE">Sequential unique whole numbers that are automatically generated.</udom></attrdomv></attr><attr><attrlabl Sync="TRUE">OBJECTID</attrlabl><attalias Sync="TRUE">OBJECTID</attalias><attrtype Sync="TRUE">Number</attrtype><attwidth Sync="TRUE">9</attwidth><attrdef>Feature geometry.</attrdef><attrdefs Sync="TRUE">ESRI</attrdefs><attrdomv><udom>Coordinates defining the features.</udom></attrdomv></attr><attr><attrlabl Sync="TRUE">Shape</attrlabl><attalias Sync="TRUE">Shape</attalias><attrtype Sync="TRUE">Geometry</attrtype><attwidth Sync="TRUE">0</attwidth><attrdef Sync="TRUE">Feature geometry.</attrdef><attrdefs Sync="TRUE">ESRI</attrdefs><attrdomv><udom Sync="TRUE">Coordinates defining the features.</udom></attrdomv><atprecis Sync="TRUE">0</atprecis><attscale Sync="TRUE">0</attscale></attr><attr><attrlabl Sync="TRUE">Name</attrlabl><attalias Sync="TRUE">Name</attalias><attrtype Sync="TRUE">String</attrtype><attwidth Sync="TRUE">100</attwidth></attr><attr><attrlabl Sync="TRUE">Stacked</attrlabl><attalias Sync="TRUE">Stacked</attalias><attrtype Sync="TRUE">Number</attrtype><attwidth Sync="TRUE">4</attwidth></attr><attr><attrlabl Sync="TRUE">AnnoLine1</attrlabl><attalias Sync="TRUE">AnnoLine1</attalias><attrtype Sync="TRUE">String</attrtype><attwidth Sync="TRUE">50</attwidth></attr><attr><attrlabl Sync="TRUE">AnnoLine2</attrlabl><attalias Sync="TRUE">AnnoLine2</attalias><attrtype Sync="TRUE">String</attrtype><attwidth Sync="TRUE">50</attwidth></attr><attr><attrlabl Sync="TRUE">AnnoLine3</attrlabl><attalias Sync="TRUE">AnnoLine3</attalias><attrtype Sync="TRUE">String</attrtype><attwidth Sync="TRUE">50</attwidth></attr><attr><attrlabl Sync="TRUE">AnnoAngle</attrlabl><attalias Sync="TRUE">AnnoAngle</attalias><attrtype Sync="TRUE">Float</attrtype><attwidth Sync="TRUE">19</attwidth><atnumdec Sync="TRUE">11</atnumdec></attr><attr><attrlabl Sync="TRUE">Borough</attrlabl><attalias Sync="TRUE">Borough</attalias><attrtype Sync="TRUE">String</attrtype><attwidth Sync="TRUE">50</attwidth></attr></detailed><overview><dsoverv>These points were created as a guide to the locations of neighborhood labels found on the Department of City Planning's "New York: A City of Neighborhoods"  poster and webpage. Best estimates of label centroids were established at a 1:1,000 scale, but are ideally viewed at a 1:50,000 scale.</dsoverv><eaover>The "New York: A City of Neighborhoods" files have undergone minor revisions since the 2006 release. The revisions include modification of neighborhood centroids positions, additions of neighborhood labels, or the removal of the neighborhood labels. Documentation of changes and additions to the 2006 version of "New York: A City of Neighborhoods" is located under Data Quality/Process Step Information sections of metadata.</eaover></overview></eainfo><mdDateSt Sync="TRUE">20100212</mdDateSt></metadata>
